slug,primary_keyword,title,h1,meta_description,intro_paragraph,faq_q1,faq_a1,faq_q2,faq_a2,canonical
/convert/3gp-to-mp4,3GP to MP4 converter,"3GP to MP4 — Fast, Private Converter (No Uploads)",Convert 3GP to MP4 — In Your Browser,"Free 3GP→MP4 converter that runs 100% in your browser. Fast, private, no file size limits — files never leave your device.",Drop one or more 3GP files and convert them to MP4 instantly. Everything happens locally in your browser — nothing is uploaded.,Are my 3GP files uploaded to convert them to MP4?,No. All processing happens in your browser using WebAssembly/Web Workers. Your files never leave your device.,How do I convert 3GP to MP4 offline?,"Open this page, add your files, pick the output, and click Convert. You can even disconnect from the internet after the page loads.",https://www.all-in-one-converter.net/convert/3gp-to-mp4
/convert/7z-to-zip,7Z to ZIP converter,"7Z to ZIP — Fast, Private Converter (No Uploads)",Convert 7Z to ZIP — In Your Browser,"Free 7Z→ZIP converter that runs 100% in your browser. Fast, private, no file size limits — files never leave your device.",Drop one or more 7Z files and convert them to ZIP instantly. Everything happens locally in your browser — nothing is uploaded.,Are my 7Z files uploaded to convert them to ZIP?,No. All processing happens in your browser using WebAssembly/Web Workers. Your files never leave your device.,How do I convert 7Z to ZIP offline?,"Open this page, add your files, pick the output, and click Convert. You can even disconnect from the internet after the page loads.",https://www.all-in-one-converter.net/convert/7z-to-zip
/convert/aac-to-mp3,AAC to MP3 converter,"AAC to MP3 — Fast, Private Converter (No Uploads)",Convert AAC to MP3 — In Your Browser,"Free AAC→MP3 converter that runs 100% in your browser. Fast, private, no file size limits — files never leave your device.",Drop one or more AAC files and convert them to MP3 instantly. Everything happens locally in your browser — nothing is uploaded.,Are my AAC files uploaded to convert them to MP3?,No. All processing happens in your browser using WebAssembly/Web Workers. Your files never leave your device.,How do I convert AAC to MP3 offline?,"Open this page, add your files, pick the output, and click Convert. You can even disconnect from the internet after the page loads.",https://www.all-in-one-converter.net/convert/aac-to-mp3
/convert/ai-to-svg,AI to SVG converter,"AI to SVG — Fast, Private Converter (No Uploads)",Convert AI to SVG — In Your Browser,"Free AI→SVG converter that runs 100% in your browser. Fast, private, no file size limits — files never leave your device.",Drop one or more AI files and convert them to SVG instantly. Everything happens locally in your browser — nothing is uploaded.,Are my AI files uploaded to convert them to SVG?,No. All processing happens in your browser using WebAssembly/Web Workers. Your files never leave your device.,How do I convert AI to SVG offline?,"Open this page, add your files, pick the output, and click Convert. You can even disconnect from the internet after the page loads.",https://www.all-in-one-converter.net/convert/ai-to-svg
/convert/aiff-to-mp3,AIFF to MP3 converter,"AIFF to MP3 — Fast, Private Converter (No Uploads)",Convert AIFF to MP3 — In Your Browser,"Free AIFF→MP3 converter that runs 100% in your browser. Fast, private, no file size limits — files never leave your device.",Drop one or more AIFF files and convert them to MP3 instantly. Everything happens locally in your browser — nothing is uploaded.,Are my AIFF files uploaded to convert them to MP3?,No. All processing happens in your browser using WebAssembly/Web Workers. Your files never leave your device.,How do I convert AIFF to MP3 offline?,"Open this page, add your files, pick the output, and click Convert. You can even disconnect from the internet after the page loads.",https://www.all-in-one-converter.net/convert/aiff-to-mp3
/convert/apk-to-zip,APK to ZIP converter,"APK to ZIP — Fast, Private Converter (No Uploads)",Convert APK to ZIP — In Your Browser,"Free APK→ZIP converter that runs 100% in your browser. Fast, private, no file size limits — files never leave your device.",Drop one or more APK files and convert them to ZIP instantly. Everything happens locally in your browser — nothing is uploaded.,Are my APK files uploaded to convert them to ZIP?,No. All processing happens in your browser using WebAssembly/Web Workers. Your files never leave your device.,How do I convert APK to ZIP offline?,"Open this page, add your files, pick the output, and click Convert. You can even disconnect from the internet after the page loads.",https://www.all-in-one-converter.net/convert/apk-to-zip
/convert/avi-to-mp4,AVI to MP4 converter,"AVI to MP4 — Fast, Private Converter (No Uploads)",Convert AVI to MP4 — In Your Browser,"Free AVI→MP4 converter that runs 100% in your browser. Fast, private, no file size limits — files never leave your device.",Drop one or more AVI files and convert them to MP4 instantly. Everything happens locally in your browser — nothing is uploaded.,Are my AVI files uploaded to convert them to MP4?,No. All processing happens in your browser using WebAssembly/Web Workers. Your files never leave your device.,How do I convert AVI to MP4 offline?,"Open this page, add your files, pick the output, and click Convert. You can even disconnect from the internet after the page loads.",https://www.all-in-one-converter.net/convert/avi-to-mp4
/convert/avif-to-jpg,AVIF to JPG converter,"AVIF to JPG — Fast, Private Converter (No Uploads)",Convert AVIF to JPG — In Your Browser,"Free AVIF→JPG converter that runs 100% in your browser. Fast, private, no file size limits — files never leave your device.",Drop one or more AVIF files and convert them to JPG instantly. Everything happens locally in your browser — nothing is uploaded.,Are my AVIF files uploaded to convert them to JPG?,No. All processing happens in your browser using WebAssembly/Web Workers. Your files never leave your device.,How do I convert AVIF to JPG offline?,"Open this page, add your files, pick the output, and click Convert. You can even disconnect from the internet after the page loads.",https://www.all-in-one-converter.net/convert/avif-to-jpg
/convert/azw3-to-epub,AZW3 to EPUB converter,"AZW3 to EPUB — Fast, Private Converter (No Uploads)",Convert AZW3 to EPUB — In Your Browser,"Free AZW3→EPUB converter that runs 100% in your browser. Fast, private, no file size limits — files never leave your device.",Drop one or more AZW3 files and convert them to EPUB instantly. Everything happens locally in your browser — nothing is uploaded.,Are my AZW3 files uploaded to convert them to EPUB?,No. All processing happens in your browser using WebAssembly/Web Workers. Your files never leave your device.,How do I convert AZW3 to EPUB offline?,"Open this page, add your files, pick the output, and click Convert. You can even disconnect from the internet after the page loads.",https://www.all-in-one-converter.net/convert/azw3-to-epub
/convert/bmp-to-jpg,BMP to JPG converter,"BMP to JPG — Fast, Private Converter (No Uploads)",Convert BMP to JPG — In Your Browser,"Free BMP→JPG converter that runs 100% in your browser. Fast, private, no file size limits — files never leave your device.",Drop one or more BMP files and convert them to JPG instantly. Everything happens locally in your browser — nothing is uploaded.,Are my BMP files uploaded to convert them to JPG?,No. All processing happens in your browser using WebAssembly/Web Workers. Your files never leave your device.,How do I convert BMP to JPG offline?,"Open this page, add your files, pick the output, and click Convert. You can even disconnect from the internet after the page loads.",https://www.all-in-one-converter.net/convert/bmp-to-jpg
/convert/cr2-to-jpg,CR2 to JPG converter,"CR2 to JPG — Fast, Private Converter (No Uploads)",Convert CR2 to JPG — In Your Browser,"Free CR2→JPG converter that runs 100% in your browser. Fast, private, no file size limits — files never leave your device.",Drop one or more CR2 files and convert them to JPG instantly. Everything happens locally in your browser — nothing is uploaded.,Are my CR2 files uploaded to convert them to JPG?,No. All processing happens in your browser using WebAssembly/Web Workers. Your files never leave your device.,How do I convert CR2 to JPG offline?,"Open this page, add your files, pick the output, and click Convert. You can even disconnect from the internet after the page loads.",https://www.all-in-one-converter.net/convert/cr2-to-jpg
/convert/csv-to-json,CSV to JSON converter,"CSV to JSON — Fast, Private Converter (No Uploads)",Convert CSV to JSON — In Your Browser,"Free CSV→JSON converter that runs 100% in your browser. Fast, private, no file size limits — files never leave your device.",Drop one or more CSV files and convert them to JSON instantly. Everything happens locally in your browser — nothing is uploaded.,Are my CSV files uploaded to convert them to JSON?,No. All processing happens in your browser using WebAssembly/Web Workers. Your files never leave your device.,How do I convert CSV to JSON offline?,"Open this page, add your files, pick the output, and click Convert. You can even disconnect from the internet after the page loads.",https://www.all-in-one-converter.net/convert/csv-to-json
/convert/csv-to-xlsx,CSV to XLSX converter,"CSV to XLSX — Fast, Private Converter (No Uploads)",Convert CSV to XLSX — In Your Browser,"Free CSV→XLSX converter that runs 100% in your browser. Fast, private, no file size limits — files never leave your device.",Drop one or more CSV files and convert them to XLSX instantly. Everything happens locally in your browser — nothing is uploaded.,Are my CSV files uploaded to convert them to XLSX?,No. All processing happens in your browser using WebAssembly/Web Workers. Your files never leave your device.,How do I convert CSV to XLSX offline?,"Open this page, add your files, pick the output, and click Convert. You can even disconnect from the internet after the page loads.",https://www.all-in-one-converter.net/convert/csv-to-xlsx
/convert/djvu-to-pdf,DJVU to PDF converter,"DJVU to PDF — Fast, Private Converter (No Uploads)",Convert DJVU to PDF — In Your Browser,"Free DJVU→PDF converter that runs 100% in your browser. Fast, private, no file size limits — files never leave your device.",Drop one or more DJVU files and convert them to PDF instantly. Everything happens locally in your browser — nothing is uploaded.,Are my DJVU files uploaded to convert them to PDF?,No. All processing happens in your browser using WebAssembly/Web Workers. Your files never leave your device.,How do I convert DJVU to PDF offline?,"Open this page, add your files, pick the output, and click Convert. You can even disconnect from the internet after the page loads.",https://www.all-in-one-converter.net/convert/djvu-to-pdf
/convert/dng-to-jpg,DNG to JPG converter,"DNG to JPG — Fast, Private Converter (No Uploads)",Convert DNG to JPG — In Your Browser,"Free DNG→JPG converter that runs 100% in your browser. Fast, private, no file size limits — files never leave your device.",Drop one or more DNG files and convert them to JPG instantly. Everything happens locally in your browser — nothing is uploaded.,Are my DNG files uploaded to convert them to JPG?,No. All processing happens in your browser using WebAssembly/Web Workers. Your files never leave your device.,How do I convert DNG to JPG offline?,"Open this page, add your files, pick the output, and click Convert. You can even disconnect from the internet after the page loads.",https://www.all-in-one-converter.net/convert/dng-to-jpg
/convert/doc-to-docx,DOC to DOCX converter,"DOC to DOCX — Fast, Private Converter (No Uploads)",Convert DOC to DOCX — In Your Browser,"Free DOC→DOCX converter that runs 100% in your browser. Fast, private, no file size limits — files never leave your device.",Drop one or more DOC files and convert them to DOCX instantly. Everything happens locally in your browser — nothing is uploaded.,Are my DOC files uploaded to convert them to DOCX?,No. All processing happens in your browser using WebAssembly/Web Workers. Your files never leave your device.,How do I convert DOC to DOCX offline?,"Open this page, add your files, pick the output, and click Convert. You can even disconnect from the internet after the page loads.",https://www.all-in-one-converter.net/convert/doc-to-docx
/convert/docx-to-pdf,DOCX to PDF converter,"DOCX to PDF — Fast, Private Converter (No Uploads)",Convert DOCX to PDF — In Your Browser,"Free DOCX→PDF converter that runs 100% in your browser. Fast, private, no file size limits — files never leave your device.",Drop one or more DOCX files and convert them to PDF instantly. Everything happens locally in your browser — nothing is uploaded.,Are my DOCX files uploaded to convert them to PDF?,No. All processing happens in your browser using WebAssembly/Web Workers. Your files never leave your device.,How do I convert DOCX to PDF offline?,"Open this page, add your files, pick the output, and click Convert. You can even disconnect from the internet after the page loads.",https://www.all-in-one-converter.net/convert/docx-to-pdf
/convert/eps-to-svg,EPS to SVG converter,"EPS to SVG — Fast, Private Converter (No Uploads)",Convert EPS to SVG — In Your Browser,"Free EPS→SVG converter that runs 100% in your browser. Fast, private, no file size limits — files never leave your device.",Drop one or more EPS files and convert them to SVG instantly. Everything happens locally in your browser — nothing is uploaded.,Are my EPS files uploaded to convert them to SVG?,No. All processing happens in your browser using WebAssembly/Web Workers. Your files never leave your device.,How do I convert EPS to SVG offline?,"Open this page, add your files, pick the output, and click Convert. You can even disconnect from the internet after the page loads.",https://www.all-in-one-converter.net/convert/eps-to-svg
/convert/epub-to-pdf,EPUB to PDF converter,"EPUB to PDF — Fast, Private Converter (No Uploads)",Convert EPUB to PDF — In Your Browser,"Free EPUB→PDF converter that runs 100% in your browser. Fast, private, no file size limits — files never leave your device.",Drop one or more EPUB files and convert them to PDF instantly. Everything happens locally in your browser — nothing is uploaded.,Are my EPUB files uploaded to convert them to PDF?,No. All processing happens in your browser using WebAssembly/Web Workers. Your files never leave your device.,How do I convert EPUB to PDF offline?,"Open this page, add your files, pick the output, and click Convert. You can even disconnect from the internet after the page loads.",https://www.all-in-one-converter.net/convert/epub-to-pdf
/convert/flac-to-mp3,FLAC to MP3 converter,"FLAC to MP3 — Fast, Private Converter (No Uploads)",Convert FLAC to MP3 — In Your Browser,"Free FLAC→MP3 converter that runs 100% in your browser. Fast, private, no file size limits — files never leave your device.",Drop one or more FLAC files and convert them to MP3 instantly. Everything happens locally in your browser — nothing is uploaded.,Are my FLAC files uploaded to convert them to MP3?,No. All processing happens in your browser using WebAssembly/Web Workers. Your files never leave your device.,How do I convert FLAC to MP3 offline?,"Open this page, add your files, pick the output, and click Convert. You can even disconnect from the internet after the page loads.",https://www.all-in-one-converter.net/convert/flac-to-mp3
/convert/flv-to-mp4,FLV to MP4 converter,"FLV to MP4 — Fast, Private Converter (No Uploads)",Convert FLV to MP4 — In Your Browser,"Free FLV→MP4 converter that runs 100% in your browser. Fast, private, no file size limits — files never leave your device.",Drop one or more FLV files and convert them to MP4 instantly. Everything happens locally in your browser — nothing is uploaded.,Are my FLV files uploaded to convert them to MP4?,No. All processing happens in your browser using WebAssembly/Web Workers. Your files never leave your device.,How do I convert FLV to MP4 offline?,"Open this page, add your files, pick the output, and click Convert. You can even disconnect from the internet after the page loads.",https://www.all-in-one-converter.net/convert/flv-to-mp4
/convert/gif-to-mp4,GIF to MP4 converter,"GIF to MP4 — Fast, Private Converter (No Uploads)",Convert GIF to MP4 — In Your Browser,"Free GIF→MP4 converter that runs 100% in your browser. Fast, private, no file size limits — files never leave your device.",Drop one or more GIF files and convert them to MP4 instantly. Everything happens locally in your browser — nothing is uploaded.,Are my GIF files uploaded to convert them to MP4?,No. All processing happens in your browser using WebAssembly/Web Workers. Your files never leave your device.,How do I convert GIF to MP4 offline?,"Open this page, add your files, pick the output, and click Convert. You can even disconnect from the internet after the page loads.",https://www.all-in-one-converter.net/convert/gif-to-mp4
/convert/gif-to-webp,GIF to WEBP converter,"GIF to WEBP — Fast, Private Converter (No Uploads)",Convert GIF to WEBP — In Your Browser,"Free GIF→WEBP converter that runs 100% in your browser. Fast, private, no file size limits — files never leave your device.",Drop one or more GIF files and convert them to WEBP instantly. Everything happens locally in your browser — nothing is uploaded.,Are my GIF files uploaded to convert them to WEBP?,No. All processing happens in your browser using WebAssembly/Web Workers. Your files never leave your device.,How do I convert GIF to WEBP offline?,"Open this page, add your files, pick the output, and click Convert. You can even disconnect from the internet after the page loads.",https://www.all-in-one-converter.net/convert/gif-to-webp
/convert/heic-to-jpg,HEIC to JPG converter,"HEIC to JPG — Fast, Private Converter (No Uploads)",Convert HEIC to JPG — In Your Browser,"Free HEIC→JPG converter that runs 100% in your browser. Fast, private, no file size limits — files never leave your device.",Drop one or more HEIC files and convert them to JPG instantly. Everything happens locally in your browser — nothing is uploaded.,Are my HEIC files uploaded to convert them to JPG?,No. All processing happens in your browser using WebAssembly/Web Workers. Your files never leave your device.,How do I convert HEIC to JPG offline?,"Open this page, add your files, pick the output, and click Convert. You can even disconnect from the internet after the page loads.",https://www.all-in-one-converter.net/convert/heic-to-jpg
/convert/heic-to-png,HEIC to PNG converter,"HEIC to PNG — Fast, Private Converter (No Uploads)",Convert HEIC to PNG — In Your Browser,"Free HEIC→PNG converter that runs 100% in your browser. Fast, private, no file size limits — files never leave your device.",Drop one or more HEIC files and convert them to PNG instantly. Everything happens locally in your browser — nothing is uploaded.,Are my HEIC files uploaded to convert them to PNG?,No. All processing happens in your browser using WebAssembly/Web Workers. Your files never leave your device.,How do I convert HEIC to PNG offline?,"Open this page, add your files, pick the output, and click Convert. You can even disconnect from the internet after the page loads.",https://www.all-in-one-converter.net/convert/heic-to-png
/convert/html-to-pdf,HTML to PDF converter,"HTML to PDF — Fast, Private Converter (No Uploads)",Convert HTML to PDF — In Your Browser,"Free HTML→PDF converter that runs 100% in your browser. Fast, private, no file size limits — files never leave your device.",Drop one or more HTML files and convert them to PDF instantly. Everything happens locally in your browser — nothing is uploaded.,Are my HTML files uploaded to convert them to PDF?,No. All processing happens in your browser using WebAssembly/Web Workers. Your files never leave your device.,How do I convert HTML to PDF offline?,"Open this page, add your files, pick the output, and click Convert. You can even disconnect from the internet after the page loads.",https://www.all-in-one-converter.net/convert/html-to-pdf
/convert/icns-to-png,ICNS to PNG converter,"ICNS to PNG — Fast, Private Converter (No Uploads)",Convert ICNS to PNG — In Your Browser,"Free ICNS→PNG converter that runs 100% in your browser. Fast, private, no file size limits — files never leave your device.",Drop one or more ICNS files and convert them to PNG instantly. Everything happens locally in your browser — nothing is uploaded.,Are my ICNS files uploaded to convert them to PNG?,No. All processing happens in your browser using WebAssembly/Web Workers. Your files never leave your device.,How do I convert ICNS to PNG offline?,"Open this page, add your files, pick the output, and click Convert. You can even disconnect from the internet after the page loads.",https://www.all-in-one-converter.net/convert/icns-to-png
/convert/ico-to-png,ICO to PNG converter,"ICO to PNG — Fast, Private Converter (No Uploads)",Convert ICO to PNG — In Your Browser,"Free ICO→PNG converter that runs 100% in your browser. Fast, private, no file size limits — files never leave your device.",Drop one or more ICO files and convert them to PNG instantly. Everything happens locally in your browser — nothing is uploaded.,Are my ICO files uploaded to convert them to PNG?,No. All processing happens in your browser using WebAssembly/Web Workers. Your files never leave your device.,How do I convert ICO to PNG offline?,"Open this page, add your files, pick the output, and click Convert. You can even disconnect from the internet after the page loads.",https://www.all-in-one-converter.net/convert/ico-to-png
/convert/jpg-to-pdf,JPG to PDF converter,"JPG to PDF — Fast, Private Converter (No Uploads)",Convert JPG to PDF — In Your Browser,"Free JPG→PDF converter that runs 100% in your browser. Fast, private, no file size limits — files never leave your device.",Drop one or more JPG files and convert them to PDF instantly. Everything happens locally in your browser — nothing is uploaded.,Are my JPG files uploaded to convert them to PDF?,No. All processing happens in your browser using WebAssembly/Web Workers. Your files never leave your device.,How do I convert JPG to PDF offline?,"Open this page, add your files, pick the output, and click Convert. You can even disconnect from the internet after the page loads.",https://www.all-in-one-converter.net/convert/jpg-to-pdf
/convert/jpg-to-png,JPG to PNG converter,"JPG to PNG — Fast, Private Converter (No Uploads)",Convert JPG to PNG — In Your Browser,"Free JPG→PNG converter that runs 100% in your browser. Fast, private, no file size limits — files never leave your device.",Drop one or more JPG files and convert them to PNG instantly. Everything happens locally in your browser — nothing is uploaded.,Are my JPG files uploaded to convert them to PNG?,No. All processing happens in your browser using WebAssembly/Web Workers. Your files never leave your device.,How do I convert JPG to PNG offline?,"Open this page, add your files, pick the output, and click Convert. You can even disconnect from the internet after the page loads.",https://www.all-in-one-converter.net/convert/jpg-to-png
/convert/jpg-to-webp,JPG to WEBP converter,"JPG to WEBP — Fast, Private Converter (No Uploads)",Convert JPG to WEBP — In Your Browser,"Free JPG→WEBP converter that runs 100% in your browser. Fast, private, no file size limits — files never leave your device.",Drop one or more JPG files and convert them to WEBP instantly. Everything happens locally in your browser — nothing is uploaded.,Are my JPG files uploaded to convert them to WEBP?,No. All processing happens in your browser using WebAssembly/Web Workers. Your files never leave your device.,How do I convert JPG to WEBP offline?,"Open this page, add your files, pick the output, and click Convert. You can even disconnect from the internet after the page loads.",https://www.all-in-one-converter.net/convert/jpg-to-webp
/convert/json-to-csv,JSON to CSV converter,"JSON to CSV — Fast, Private Converter (No Uploads)",Convert JSON to CSV — In Your Browser,"Free JSON→CSV converter that runs 100% in your browser. Fast, private, no file size limits — files never leave your device.",Drop one or more JSON files and convert them to CSV instantly. Everything happens locally in your browser — nothing is uploaded.,Are my JSON files uploaded to convert them to CSV?,No. All processing happens in your browser using WebAssembly/Web Workers. Your files never leave your device.,How do I convert JSON to CSV offline?,"Open this page, add your files, pick the output, and click Convert. You can even disconnect from the internet after the page loads.",https://www.all-in-one-converter.net/convert/json-to-csv
/convert/m4a-to-mp3,M4A to MP3 converter,"M4A to MP3 — Fast, Private Converter (No Uploads)",Convert M4A to MP3 — In Your Browser,"Free M4A→MP3 converter that runs 100% in your browser. Fast, private, no file size limits — files never leave your device.",Drop one or more M4A files and convert them to MP3 instantly. Everything happens locally in your browser — nothing is uploaded.,Are my M4A files uploaded to convert them to MP3?,No. All processing happens in your browser using WebAssembly/Web Workers. Your files never leave your device.,How do I convert M4A to MP3 offline?,"Open this page, add your files, pick the output, and click Convert. You can even disconnect from the internet after the page loads.",https://www.all-in-one-converter.net/convert/m4a-to-mp3
/convert/m4v-to-mp4,M4V to MP4 converter,"M4V to MP4 — Fast, Private Converter (No Uploads)",Convert M4V to MP4 — In Your Browser,"Free M4V→MP4 converter that runs 100% in your browser. Fast, private, no file size limits — files never leave your device.",Drop one or more M4V files and convert them to MP4 instantly. Everything happens locally in your browser — nothing is uploaded.,Are my M4V files uploaded to convert them to MP4?,No. All processing happens in your browser using WebAssembly/Web Workers. Your files never leave your device.,How do I convert M4V to MP4 offline?,"Open this page, add your files, pick the output, and click Convert. You can even disconnect from the internet after the page loads.",https://www.all-in-one-converter.net/convert/m4v-to-mp4
/convert/mkv-to-mp4,MKV to MP4 converter,"MKV to MP4 — Fast, Private Converter (No Uploads)",Convert MKV to MP4 — In Your Browser,"Free MKV→MP4 converter that runs 100% in your browser. Fast, private, no file size limits — files never leave your device.",Drop one or more MKV files and convert them to MP4 instantly. Everything happens locally in your browser — nothing is uploaded.,Are my MKV files uploaded to convert them to MP4?,No. All processing happens in your browser using WebAssembly/Web Workers. Your files never leave your device.,How do I convert MKV to MP4 offline?,"Open this page, add your files, pick the output, and click Convert. You can even disconnect from the internet after the page loads.",https://www.all-in-one-converter.net/convert/mkv-to-mp4
/convert/mobi-to-epub,MOBI to EPUB converter,"MOBI to EPUB — Fast, Private Converter (No Uploads)",Convert MOBI to EPUB — In Your Browser,"Free MOBI→EPUB converter that runs 100% in your browser. Fast, private, no file size limits — files never leave your device.",Drop one or more MOBI files and convert them to EPUB instantly. Everything happens locally in your browser — nothing is uploaded.,Are my MOBI files uploaded to convert them to EPUB?,No. All processing happens in your browser using WebAssembly/Web Workers. Your files never leave your device.,How do I convert MOBI to EPUB offline?,"Open this page, add your files, pick the output, and click Convert. You can even disconnect from the internet after the page loads.",https://www.all-in-one-converter.net/convert/mobi-to-epub
/convert/mov-to-mp4,MOV to MP4 converter,"MOV to MP4 — Fast, Private Converter (No Uploads)",Convert MOV to MP4 — In Your Browser,"Free MOV→MP4 converter that runs 100% in your browser. Fast, private, no file size limits — files never leave your device.",Drop one or more MOV files and convert them to MP4 instantly. Everything happens locally in your browser — nothing is uploaded.,Are my MOV files uploaded to convert them to MP4?,No. All processing happens in your browser using WebAssembly/Web Workers. Your files never leave your device.,How do I convert MOV to MP4 offline?,"Open this page, add your files, pick the output, and click Convert. You can even disconnect from the internet after the page loads.",https://www.all-in-one-converter.net/convert/mov-to-mp4
/convert/mp3-to-m4a,MP3 to M4A converter,"MP3 to M4A — Fast, Private Converter (No Uploads)",Convert MP3 to M4A — In Your Browser,"Free MP3→M4A converter that runs 100% in your browser. Fast, private, no file size limits — files never leave your device.",Drop one or more MP3 files and convert them to M4A instantly. Everything happens locally in your browser — nothing is uploaded.,Are my MP3 files uploaded to convert them to M4A?,No. All processing happens in your browser using WebAssembly/Web Workers. Your files never leave your device.,How do I convert MP3 to M4A offline?,"Open this page, add your files, pick the output, and click Convert. You can even disconnect from the internet after the page loads.",https://www.all-in-one-converter.net/convert/mp3-to-m4a
/convert/mp3-to-wav,MP3 to WAV converter,"MP3 to WAV — Fast, Private Converter (No Uploads)",Convert MP3 to WAV — In Your Browser,"Free MP3→WAV converter that runs 100% in your browser. Fast, private, no file size limits — files never leave your device.",Drop one or more MP3 files and convert them to WAV instantly. Everything happens locally in your browser — nothing is uploaded.,Are my MP3 files uploaded to convert them to WAV?,No. All processing happens in your browser using WebAssembly/Web Workers. Your files never leave your device.,How do I convert MP3 to WAV offline?,"Open this page, add your files, pick the output, and click Convert. You can even disconnect from the internet after the page loads.",https://www.all-in-one-converter.net/convert/mp3-to-wav
/convert/mp4-to-gif,MP4 to GIF converter,"MP4 to GIF — Fast, Private Converter (No Uploads)",Convert MP4 to GIF — In Your Browser,"Free MP4→GIF converter that runs 100% in your browser. Fast, private, no file size limits — files never leave your device.",Drop one or more MP4 files and convert them to GIF instantly. Everything happens locally in your browser — nothing is uploaded.,Are my MP4 files uploaded to convert them to GIF?,No. All processing happens in your browser using WebAssembly/Web Workers. Your files never leave your device.,How do I convert MP4 to GIF offline?,"Open this page, add your files, pick the output, and click Convert. You can even disconnect from the internet after the page loads.",https://www.all-in-one-converter.net/convert/mp4-to-gif
/convert/mp4-to-mp3,MP4 to MP3 converter,"MP4 to MP3 — Fast, Private Converter (No Uploads)",Convert MP4 to MP3 — In Your Browser,"Free MP4→MP3 converter that runs 100% in your browser. Fast, private, no file size limits — files never leave your device.",Drop one or more MP4 files and convert them to MP3 instantly. Everything happens locally in your browser — nothing is uploaded.,Are my MP4 files uploaded to convert them to MP3?,No. All processing happens in your browser using WebAssembly/Web Workers. Your files never leave your device.,How do I convert MP4 to MP3 offline?,"Open this page, add your files, pick the output, and click Convert. You can even disconnect from the internet after the page loads.",https://www.all-in-one-converter.net/convert/mp4-to-mp3
/convert/mts-to-mp4,MTS to MP4 converter,"MTS to MP4 — Fast, Private Converter (No Uploads)",Convert MTS to MP4 — In Your Browser,"Free MTS→MP4 converter that runs 100% in your browser. Fast, private, no file size limits — files never leave your device.",Drop one or more MTS files and convert them to MP4 instantly. Everything happens locally in your browser — nothing is uploaded.,Are my MTS files uploaded to convert them to MP4?,No. All processing happens in your browser using WebAssembly/Web Workers. Your files never leave your device.,How do I convert MTS to MP4 offline?,"Open this page, add your files, pick the output, and click Convert. You can even disconnect from the internet after the page loads.",https://www.all-in-one-converter.net/convert/mts-to-mp4
/convert/nef-to-jpg,NEF to JPG converter,"NEF to JPG — Fast, Private Converter (No Uploads)",Convert NEF to JPG — In Your Browser,"Free NEF→JPG converter that runs 100% in your browser. Fast, private, no file size limits — files never leave your device.",Drop one or more NEF files and convert them to JPG instantly. Everything happens locally in your browser — nothing is uploaded.,Are my NEF files uploaded to convert them to JPG?,No. All processing happens in your browser using WebAssembly/Web Workers. Your files never leave your device.,How do I convert NEF to JPG offline?,"Open this page, add your files, pick the output, and click Convert. You can even disconnect from the internet after the page loads.",https://www.all-in-one-converter.net/convert/nef-to-jpg
/convert/odt-to-docx,ODT to DOCX converter,"ODT to DOCX — Fast, Private Converter (No Uploads)",Convert ODT to DOCX — In Your Browser,"Free ODT→DOCX converter that runs 100% in your browser. Fast, private, no file size limits — files never leave your device.",Drop one or more ODT files and convert them to DOCX instantly. Everything happens locally in your browser — nothing is uploaded.,Are my ODT files uploaded to convert them to DOCX?,No. All processing happens in your browser using WebAssembly/Web Workers. Your files never leave your device.,How do I convert ODT to DOCX offline?,"Open this page, add your files, pick the output, and click Convert. You can even disconnect from the internet after the page loads.",https://www.all-in-one-converter.net/convert/odt-to-docx
/convert/ogg-to-mp3,OGG to MP3 converter,"OGG to MP3 — Fast, Private Converter (No Uploads)",Convert OGG to MP3 — In Your Browser,"Free OGG→MP3 converter that runs 100% in your browser. Fast, private, no file size limits — files never leave your device.",Drop one or more OGG files and convert them to MP3 instantly. Everything happens locally in your browser — nothing is uploaded.,Are my OGG files uploaded to convert them to MP3?,No. All processing happens in your browser using WebAssembly/Web Workers. Your files never leave your device.,How do I convert OGG to MP3 offline?,"Open this page, add your files, pick the output, and click Convert. You can even disconnect from the internet after the page loads.",https://www.all-in-one-converter.net/convert/ogg-to-mp3
/convert/opus-to-mp3,OPUS to MP3 converter,"OPUS to MP3 — Fast, Private Converter (No Uploads)",Convert OPUS to MP3 — In Your Browser,"Free OPUS→MP3 converter that runs 100% in your browser. Fast, private, no file size limits — files never leave your device.",Drop one or more OPUS files and convert them to MP3 instantly. Everything happens locally in your browser — nothing is uploaded.,Are my OPUS files uploaded to convert them to MP3?,No. All processing happens in your browser using WebAssembly/Web Workers. Your files never leave your device.,How do I convert OPUS to MP3 offline?,"Open this page, add your files, pick the output, and click Convert. You can even disconnect from the internet after the page loads.",https://www.all-in-one-converter.net/convert/opus-to-mp3
/convert/pdf-to-docx,PDF to DOCX converter,"PDF to DOCX — Fast, Private Converter (No Uploads)",Convert PDF to DOCX — In Your Browser,"Free PDF→DOCX converter that runs 100% in your browser. Fast, private, no file size limits — files never leave your device.",Drop one or more PDF files and convert them to DOCX instantly. Everything happens locally in your browser — nothing is uploaded.,Are my PDF files uploaded to convert them to DOCX?,No. All processing happens in your browser using WebAssembly/Web Workers. Your files never leave your device.,How do I convert PDF to DOCX offline?,"Open this page, add your files, pick the output, and click Convert. You can even disconnect from the internet after the page loads.",https://www.all-in-one-converter.net/convert/pdf-to-docx
/convert/pdf-to-epub,PDF to EPUB converter,"PDF to EPUB — Fast, Private Converter (No Uploads)",Convert PDF to EPUB — In Your Browser,"Free PDF→EPUB converter that runs 100% in your browser. Fast, private, no file size limits — files never leave your device.",Drop one or more PDF files and convert them to EPUB instantly. Everything happens locally in your browser — nothing is uploaded.,Are my PDF files uploaded to convert them to EPUB?,No. All processing happens in your browser using WebAssembly/Web Workers. Your files never leave your device.,How do I convert PDF to EPUB offline?,"Open this page, add your files, pick the output, and click Convert. You can even disconnect from the internet after the page loads.",https://www.all-in-one-converter.net/convert/pdf-to-epub
/convert/pdf-to-jpg,PDF to JPG converter,"PDF to JPG — Fast, Private Converter (No Uploads)",Convert PDF to JPG — In Your Browser,"Free PDF→JPG converter that runs 100% in your browser. Fast, private, no file size limits — files never leave your device.",Drop one or more PDF files and convert them to JPG instantly. Everything happens locally in your browser — nothing is uploaded.,Are my PDF files uploaded to convert them to JPG?,No. All processing happens in your browser using WebAssembly/Web Workers. Your files never leave your device.,How do I convert PDF to JPG offline?,"Open this page, add your files, pick the output, and click Convert. You can even disconnect from the internet after the page loads.",https://www.all-in-one-converter.net/convert/pdf-to-jpg
/convert/pdf-to-png,PDF to PNG converter,"PDF to PNG — Fast, Private Converter (No Uploads)",Convert PDF to PNG — In Your Browser,"Free PDF→PNG converter that runs 100% in your browser. Fast, private, no file size limits — files never leave your device.",Drop one or more PDF files and convert them to PNG instantly. Everything happens locally in your browser — nothing is uploaded.,Are my PDF files uploaded to convert them to PNG?,No. All processing happens in your browser using WebAssembly/Web Workers. Your files never leave your device.,How do I convert PDF to PNG offline?,"Open this page, add your files, pick the output, and click Convert. You can even disconnect from the internet after the page loads.",https://www.all-in-one-converter.net/convert/pdf-to-png
/convert/pdf-to-pptx,PDF to PPTX converter,"PDF to PPTX — Fast, Private Converter (No Uploads)",Convert PDF to PPTX — In Your Browser,"Free PDF→PPTX converter that runs 100% in your browser. Fast, private, no file size limits — files never leave your device.",Drop one or more PDF files and convert them to PPTX instantly. Everything happens locally in your browser — nothing is uploaded.,Are my PDF files uploaded to convert them to PPTX?,No. All processing happens in your browser using WebAssembly/Web Workers. Your files never leave your device.,How do I convert PDF to PPTX offline?,"Open this page, add your files, pick the output, and click Convert. You can even disconnect from the internet after the page loads.",https://www.all-in-one-converter.net/convert/pdf-to-pptx
/convert/pdf-to-txt,PDF to TXT converter,"PDF to TXT — Fast, Private Converter (No Uploads)",Convert PDF to TXT — In Your Browser,"Free PDF→TXT converter that runs 100% in your browser. Fast, private, no file size limits — files never leave your device.",Drop one or more PDF files and convert them to TXT instantly. Everything happens locally in your browser — nothing is uploaded.,Are my PDF files uploaded to convert them to TXT?,No. All processing happens in your browser using WebAssembly/Web Workers. Your files never leave your device.,How do I convert PDF to TXT offline?,"Open this page, add your files, pick the output, and click Convert. You can even disconnect from the internet after the page loads.",https://www.all-in-one-converter.net/convert/pdf-to-txt
/convert/pdf-to-xlsx,PDF to XLSX converter,"PDF to XLSX — Fast, Private Converter (No Uploads)",Convert PDF to XLSX — In Your Browser,"Free PDF→XLSX converter that runs 100% in your browser. Fast, private, no file size limits — files never leave your device.",Drop one or more PDF files and convert them to XLSX instantly. Everything happens locally in your browser — nothing is uploaded.,Are my PDF files uploaded to convert them to XLSX?,No. All processing happens in your browser using WebAssembly/Web Workers. Your files never leave your device.,How do I convert PDF to XLSX offline?,"Open this page, add your files, pick the output, and click Convert. You can even disconnect from the internet after the page loads.",https://www.all-in-one-converter.net/convert/pdf-to-xlsx
/convert/png-to-jpg,PNG to JPG converter,"PNG to JPG — Fast, Private Converter (No Uploads)",Convert PNG to JPG — In Your Browser,"Free PNG→JPG converter that runs 100% in your browser. Fast, private, no file size limits — files never leave your device.",Drop one or more PNG files and convert them to JPG instantly. Everything happens locally in your browser — nothing is uploaded.,Are my PNG files uploaded to convert them to JPG?,No. All processing happens in your browser using WebAssembly/Web Workers. Your files never leave your device.,How do I convert PNG to JPG offline?,"Open this page, add your files, pick the output, and click Convert. You can even disconnect from the internet after the page loads.",https://www.all-in-one-converter.net/convert/png-to-jpg
/convert/png-to-pdf,PNG to PDF converter,"PNG to PDF — Fast, Private Converter (No Uploads)",Convert PNG to PDF — In Your Browser,"Free PNG→PDF converter that runs 100% in your browser. Fast, private, no file size limits — files never leave your device.",Drop one or more PNG files and convert them to PDF instantly. Everything happens locally in your browser — nothing is uploaded.,Are my PNG files uploaded to convert them to PDF?,No. All processing happens in your browser using WebAssembly/Web Workers. Your files never leave your device.,How do I convert PNG to PDF offline?,"Open this page, add your files, pick the output, and click Convert. You can even disconnect from the internet after the page loads.",https://www.all-in-one-converter.net/convert/png-to-pdf
/convert/png-to-webp,PNG to WEBP converter,"PNG to WEBP — Fast, Private Converter (No Uploads)",Convert PNG to WEBP — In Your Browser,"Free PNG→WEBP converter that runs 100% in your browser. Fast, private, no file size limits — files never leave your device.",Drop one or more PNG files and convert them to WEBP instantly. Everything happens locally in your browser — nothing is uploaded.,Are my PNG files uploaded to convert them to WEBP?,No. All processing happens in your browser using WebAssembly/Web Workers. Your files never leave your device.,How do I convert PNG to WEBP offline?,"Open this page, add your files, pick the output, and click Convert. You can even disconnect from the internet after the page loads.",https://www.all-in-one-converter.net/convert/png-to-webp
/convert/pptx-to-pdf,PPTX to PDF converter,"PPTX to PDF — Fast, Private Converter (No Uploads)",Convert PPTX to PDF — In Your Browser,"Free PPTX→PDF converter that runs 100% in your browser. Fast, private, no file size limits — files never leave your device.",Drop one or more PPTX files and convert them to PDF instantly. Everything happens locally in your browser — nothing is uploaded.,Are my PPTX files uploaded to convert them to PDF?,No. All processing happens in your browser using WebAssembly/Web Workers. Your files never leave your device.,How do I convert PPTX to PDF offline?,"Open this page, add your files, pick the output, and click Convert. You can even disconnect from the internet after the page loads.",https://www.all-in-one-converter.net/convert/pptx-to-pdf
/convert/psd-to-png,PSD to PNG converter,"PSD to PNG — Fast, Private Converter (No Uploads)",Convert PSD to PNG — In Your Browser,"Free PSD→PNG converter that runs 100% in your browser. Fast, private, no file size limits — files never leave your device.",Drop one or more PSD files and convert them to PNG instantly. Everything happens locally in your browser — nothing is uploaded.,Are my PSD files uploaded to convert them to PNG?,No. All processing happens in your browser using WebAssembly/Web Workers. Your files never leave your device.,How do I convert PSD to PNG offline?,"Open this page, add your files, pick the output, and click Convert. You can even disconnect from the internet after the page loads.",https://www.all-in-one-converter.net/convert/psd-to-png
/convert/rar-to-zip,RAR to ZIP converter,"RAR to ZIP — Fast, Private Converter (No Uploads)",Convert RAR to ZIP — In Your Browser,"Free RAR→ZIP converter that runs 100% in your browser. Fast, private, no file size limits — files never leave your device.",Drop one or more RAR files and convert them to ZIP instantly. Everything happens locally in your browser — nothing is uploaded.,Are my RAR files uploaded to convert them to ZIP?,No. All processing happens in your browser using WebAssembly/Web Workers. Your files never leave your device.,How do I convert RAR to ZIP offline?,"Open this page, add your files, pick the output, and click Convert. You can even disconnect from the internet after the page loads.",https://www.all-in-one-converter.net/convert/rar-to-zip
/convert/raw-to-jpg,RAW to JPG converter,"RAW to JPG — Fast, Private Converter (No Uploads)",Convert RAW to JPG — In Your Browser,"Free RAW→JPG converter that runs 100% in your browser. Fast, private, no file size limits — files never leave your device.",Drop one or more RAW files and convert them to JPG instantly. Everything happens locally in your browser — nothing is uploaded.,Are my RAW files uploaded to convert them to JPG?,No. All processing happens in your browser using WebAssembly/Web Workers. Your files never leave your device.,How do I convert RAW to JPG offline?,"Open this page, add your files, pick the output, and click Convert. You can even disconnect from the internet after the page loads.",https://www.all-in-one-converter.net/convert/raw-to-jpg
/convert/rtf-to-docx,RTF to DOCX converter,"RTF to DOCX — Fast, Private Converter (No Uploads)",Convert RTF to DOCX — In Your Browser,"Free RTF→DOCX converter that runs 100% in your browser. Fast, private, no file size limits — files never leave your device.",Drop one or more RTF files and convert them to DOCX instantly. Everything happens locally in your browser — nothing is uploaded.,Are my RTF files uploaded to convert them to DOCX?,No. All processing happens in your browser using WebAssembly/Web Workers. Your files never leave your device.,How do I convert RTF to DOCX offline?,"Open this page, add your files, pick the output, and click Convert. You can even disconnect from the internet after the page loads.",https://www.all-in-one-converter.net/convert/rtf-to-docx
/convert/svg-to-png,SVG to PNG converter,"SVG to PNG — Fast, Private Converter (No Uploads)",Convert SVG to PNG — In Your Browser,"Free SVG→PNG converter that runs 100% in your browser. Fast, private, no file size limits — files never leave your device.",Drop one or more SVG files and convert them to PNG instantly. Everything happens locally in your browser — nothing is uploaded.,Are my SVG files uploaded to convert them to PNG?,No. All processing happens in your browser using WebAssembly/Web Workers. Your files never leave your device.,How do I convert SVG to PNG offline?,"Open this page, add your files, pick the output, and click Convert. You can even disconnect from the internet after the page loads.",https://www.all-in-one-converter.net/convert/svg-to-png
/convert/tar.gz-to-zip,TAR.GZ to ZIP converter,"TAR.GZ to ZIP — Fast, Private Converter (No Uploads)",Convert TAR.GZ to ZIP — In Your Browser,"Free TAR.GZ→ZIP converter that runs 100% in your browser. Fast, private, no file size limits — files never leave your device.",Drop one or more TAR.GZ files and convert them to ZIP instantly. Everything happens locally in your browser — nothing is uploaded.,Are my TAR.GZ files uploaded to convert them to ZIP?,No. All processing happens in your browser using WebAssembly/Web Workers. Your files never leave your device.,How do I convert TAR.GZ to ZIP offline?,"Open this page, add your files, pick the output, and click Convert. You can even disconnect from the internet after the page loads.",https://www.all-in-one-converter.net/convert/tar.gz-to-zip
/convert/tiff-to-jpg,TIFF to JPG converter,"TIFF to JPG — Fast, Private Converter (No Uploads)",Convert TIFF to JPG — In Your Browser,"Free TIFF→JPG converter that runs 100% in your browser. Fast, private, no file size limits — files never leave your device.",Drop one or more TIFF files and convert them to JPG instantly. Everything happens locally in your browser — nothing is uploaded.,Are my TIFF files uploaded to convert them to JPG?,No. All processing happens in your browser using WebAssembly/Web Workers. Your files never leave your device.,How do I convert TIFF to JPG offline?,"Open this page, add your files, pick the output, and click Convert. You can even disconnect from the internet after the page loads.",https://www.all-in-one-converter.net/convert/tiff-to-jpg
/convert/ttf-to-woff,TTF to WOFF converter,"TTF to WOFF — Fast, Private Converter (No Uploads)",Convert TTF to WOFF — In Your Browser,"Free TTF→WOFF converter that runs 100% in your browser. Fast, private, no file size limits — files never leave your device.",Drop one or more TTF files and convert them to WOFF instantly. Everything happens locally in your browser — nothing is uploaded.,Are my TTF files uploaded to convert them to WOFF?,No. All processing happens in your browser using WebAssembly/Web Workers. Your files never leave your device.,How do I convert TTF to WOFF offline?,"Open this page, add your files, pick the output, and click Convert. You can even disconnect from the internet after the page loads.",https://www.all-in-one-converter.net/convert/ttf-to-woff
/convert/txt-to-pdf,TXT to PDF converter,"TXT to PDF — Fast, Private Converter (No Uploads)",Convert TXT to PDF — In Your Browser,"Free TXT→PDF converter that runs 100% in your browser. Fast, private, no file size limits — files never leave your device.",Drop one or more TXT files and convert them to PDF instantly. Everything happens locally in your browser — nothing is uploaded.,Are my TXT files uploaded to convert them to PDF?,No. All processing happens in your browser using WebAssembly/Web Workers. Your files never leave your device.,How do I convert TXT to PDF offline?,"Open this page, add your files, pick the output, and click Convert. You can even disconnect from the internet after the page loads.",https://www.all-in-one-converter.net/convert/txt-to-pdf
/convert/wav-to-mp3,WAV to MP3 converter,"WAV to MP3 — Fast, Private Converter (No Uploads)",Convert WAV to MP3 — In Your Browser,"Free WAV→MP3 converter that runs 100% in your browser. Fast, private, no file size limits — files never leave your device.",Drop one or more WAV files and convert them to MP3 instantly. Everything happens locally in your browser — nothing is uploaded.,Are my WAV files uploaded to convert them to MP3?,No. All processing happens in your browser using WebAssembly/Web Workers. Your files never leave your device.,How do I convert WAV to MP3 offline?,"Open this page, add your files, pick the output, and click Convert. You can even disconnect from the internet after the page loads.",https://www.all-in-one-converter.net/convert/wav-to-mp3
/convert/webm-to-mp4,WEBM to MP4 converter,"WEBM to MP4 — Fast, Private Converter (No Uploads)",Convert WEBM to MP4 — In Your Browser,"Free WEBM→MP4 converter that runs 100% in your browser. Fast, private, no file size limits — files never leave your device.",Drop one or more WEBM files and convert them to MP4 instantly. Everything happens locally in your browser — nothing is uploaded.,Are my WEBM files uploaded to convert them to MP4?,No. All processing happens in your browser using WebAssembly/Web Workers. Your files never leave your device.,How do I convert WEBM to MP4 offline?,"Open this page, add your files, pick the output, and click Convert. You can even disconnect from the internet after the page loads.",https://www.all-in-one-converter.net/convert/webm-to-mp4
/convert/webp-to-jpg,WEBP to JPG converter,"WEBP to JPG — Fast, Private Converter (No Uploads)",Convert WEBP to JPG — In Your Browser,"Free WEBP→JPG converter that runs 100% in your browser. Fast, private, no file size limits — files never leave your device.",Drop one or more WEBP files and convert them to JPG instantly. Everything happens locally in your browser — nothing is uploaded.,Are my WEBP files uploaded to convert them to JPG?,No. All processing happens in your browser using WebAssembly/Web Workers. Your files never leave your device.,How do I convert WEBP to JPG offline?,"Open this page, add your files, pick the output, and click Convert. You can even disconnect from the internet after the page loads.",https://www.all-in-one-converter.net/convert/webp-to-jpg
/convert/wma-to-mp3,WMA to MP3 converter,"WMA to MP3 — Fast, Private Converter (No Uploads)",Convert WMA to MP3 — In Your Browser,"Free WMA→MP3 converter that runs 100% in your browser. Fast, private, no file size limits — files never leave your device.",Drop one or more WMA files and convert them to MP3 instantly. Everything happens locally in your browser — nothing is uploaded.,Are my WMA files uploaded to convert them to MP3?,No. All processing happens in your browser using WebAssembly/Web Workers. Your files never leave your device.,How do I convert WMA to MP3 offline?,"Open this page, add your files, pick the output, and click Convert. You can even disconnect from the internet after the page loads.",https://www.all-in-one-converter.net/convert/wma-to-mp3
/convert/wmv-to-mp4,WMV to MP4 converter,"WMV to MP4 — Fast, Private Converter (No Uploads)",Convert WMV to MP4 — In Your Browser,"Free WMV→MP4 converter that runs 100% in your browser. Fast, private, no file size limits — files never leave your device.",Drop one or more WMV files and convert them to MP4 instantly. Everything happens locally in your browser — nothing is uploaded.,Are my WMV files uploaded to convert them to MP4?,No. All processing happens in your browser using WebAssembly/Web Workers. Your files never leave your device.,How do I convert WMV to MP4 offline?,"Open this page, add your files, pick the output, and click Convert. You can even disconnect from the internet after the page loads.",https://www.all-in-one-converter.net/convert/wmv-to-mp4
/convert/xlsx-to-csv,XLSX to CSV converter,"XLSX to CSV — Fast, Private Converter (No Uploads)",Convert XLSX to CSV — In Your Browser,"Free XLSX→CSV converter that runs 100% in your browser. Fast, private, no file size limits — files never leave your device.",Drop one or more XLSX files and convert them to CSV instantly. Everything happens locally in your browser — nothing is uploaded.,Are my XLSX files uploaded to convert them to CSV?,No. All processing happens in your browser using WebAssembly/Web Workers. Your files never leave your device.,How do I convert XLSX to CSV offline?,"Open this page, add your files, pick the output, and click Convert. You can even disconnect from the internet after the page loads.",https://www.all-in-one-converter.net/convert/xlsx-to-csv
/convert/xlsx-to-pdf,XLSX to PDF converter,"XLSX to PDF — Fast, Private Converter (No Uploads)",Convert XLSX to PDF — In Your Browser,"Free XLSX→PDF converter that runs 100% in your browser. Fast, private, no file size limits — files never leave your device.",Drop one or more XLSX files and convert them to PDF instantly. Everything happens locally in your browser — nothing is uploaded.,Are my XLSX files uploaded to convert them to PDF?,No. All processing happens in your browser using WebAssembly/Web Workers. Your files never leave your device.,How do I convert XLSX to PDF offline?,"Open this page, add your files, pick the output, and click Convert. You can even disconnect from the internet after the page loads.",https://www.all-in-one-converter.net/convert/xlsx-to-pdf
/convert/zip-to-7z,ZIP to 7Z converter,"ZIP to 7Z — Fast, Private Converter (No Uploads)",Convert ZIP to 7Z — In Your Browser,"Free ZIP→7Z converter that runs 100% in your browser. Fast, private, no file size limits — files never leave your device.",Drop one or more ZIP files and convert them to 7Z instantly. Everything happens locally in your browser — nothing is uploaded.,Are my ZIP files uploaded to convert them to 7Z?,No. All processing happens in your browser using WebAssembly/Web Workers. Your files never leave your device.,How do I convert ZIP to 7Z offline?,"Open this page, add your files, pick the output, and click Convert. You can even disconnect from the internet after the page loads.",https://www.all-in-one-converter.net/convert/zip-to-7z
